Category,Value_Axis,Density_Axis,Side
Blackwhole,12.587326599309275,0.0014660505123934649,Right
Blackwhole,12.587326599309275,-0.0014660505123934649,Left
Blackwhole,12.955173239938638,0.001785154324451316,Right
Blackwhole,12.955173239938638,-0.001785154324451316,Left
Blackwhole,13.323019880568,0.002141263798030178,Right
Blackwhole,13.323019880568,-0.002141263798030178,Left
Blackwhole,13.690866521197362,0.0025300678751608223,Right
Blackwhole,13.690866521197362,-0.0025300678751608223,Left
Blackwhole,14.058713161826724,0.002944840538781641,Right
Blackwhole,14.058713161826724,-0.002944840538781641,Left
Blackwhole,14.426559802456087,0.003376440074972749,Right
Blackwhole,14.426559802456087,-0.003376440074972749,Left
Blackwhole,14.79440644308545,0.0038135024531381003,Right
Blackwhole,14.79440644308545,-0.0038135024531381003,Left
Blackwhole,15.16225308371481,0.0042428419154308585,Right
Blackwhole,15.16225308371481,-0.0042428419154308585,Left
Blackwhole,15.530099724344174,0.004650050898310576,Right
Blackwhole,15.530099724344174,-0.004650050898310576,Left
Blackwhole,15.897946364973535,0.005020268416841419,Right
Blackwhole,15.897946364973535,-0.005020268416841419,Left
Blackwhole,16.265793005602898,0.005339064004100548,Right
Blackwhole,16.265793005602898,-0.005339064004100548,Left
Blackwhole,16.63363964623226,0.005593366427837028,Right
Blackwhole,16.63363964623226,-0.005593366427837028,Left
Blackwhole,17.00148628686162,0.005772355636284563,Right
Blackwhole,17.00148628686162,-0.005772355636284563,Left
Blackwhole,17.369332927490984,0.005868234841048655,Right
Blackwhole,17.369332927490984,-0.005868234841048655,Left
Blackwhole,17.737179568120347,0.0058768082215014715,Right
Blackwhole,17.737179568120347,-0.0058768082215014715,Left
Blackwhole,18.10502620874971,0.005797807857477959,Right
Blackwhole,18.10502620874971,-0.005797807857477959,Left
Blackwhole,18.472872849379073,0.005634939133452084,Right
Blackwhole,18.472872849379073,-0.005634939133452084,Left
Blackwhole,18.840719490008432,0.005395643789881404,Right
Blackwhole,18.840719490008432,-0.005395643789881404,Left
Blackwhole,19.208566130637795,0.005090610110057494,Right
Blackwhole,19.208566130637795,-0.005090610110057494,Left
Blackwhole,19.576412771267158,0.004733086426182965,Right
Blackwhole,19.576412771267158,-0.004733086426182965,Left
Blackwhole,19.94425941189652,0.004338073757536387,Right
Blackwhole,19.94425941189652,-0.004338073757536387,Left
Blackwhole,20.312106052525884,0.003921483581418551,Right
Blackwhole,20.312106052525884,-0.003921483581418551,Left
Blackwhole,20.679952693155244,0.0034993465100072656,Right
Blackwhole,20.679952693155244,-0.0034993465100072656,Left
Blackwhole,21.04779933378461,0.0030871475079668146,Right
Blackwhole,21.04779933378461,-0.0030871475079668146,Left
Blackwhole,21.41564597441397,0.002699345050045625,Right
Blackwhole,21.41564597441397,-0.002699345050045625,Left
Blackwhole,21.783492615043333,0.00234910803923746,Right
Blackwhole,21.783492615043333,-0.00234910803923746,Left
Blackwhole,22.151339255672696,0.002048278598405457,Right
Blackwhole,22.151339255672696,-0.002048278598405457,Left
Blackwhole,22.519185896302055,0.0018075441880031024,Right
Blackwhole,22.519185896302055,-0.0018075441880031024,Left
Blackwhole,22.88703253693142,0.0016367816025941561,Right
Blackwhole,22.88703253693142,-0.0016367816025941561,Left
Blackwhole,23.25487917756078,0.0015455202144976166,Right
Blackwhole,23.25487917756078,-0.0015455202144976166,Left
Blackwhole,23.622725818190144,0.0015434634230763414,Right
Blackwhole,23.622725818190144,-0.0015434634230763414,Left
Blackwhole,23.990572458819507,0.001641005801663065,Right
Blackwhole,23.990572458819507,-0.001641005801663065,Left
Blackwhole,24.358419099448867,0.0018496883031157894,Right
Blackwhole,24.358419099448867,-0.0018496883031157894,Left
Blackwhole,24.726265740078233,0.002182543880230719,Right
Blackwhole,24.726265740078233,-0.002182543880230719,Left
Blackwhole,25.094112380707593,0.0026542993822047246,Right
Blackwhole,25.094112380707593,-0.0026542993822047246,Left
Blackwhole,25.461959021336956,0.0032814147672081415,Right
Blackwhole,25.461959021336956,-0.0032814147672081415,Left
Blackwhole,25.82980566196632,0.0040819556441589735,Right
Blackwhole,25.82980566196632,-0.0040819556441589735,Left
Blackwhole,26.197652302595678,0.0050753081721460125,Right
Blackwhole,26.197652302595678,-0.0050753081721460125,Left
Blackwhole,26.565498943225045,0.006281754961108484,Right
Blackwhole,26.565498943225045,-0.006281754961108484,Left
Blackwhole,26.933345583854404,0.007721935894049692,Right
Blackwhole,26.933345583854404,-0.007721935894049692,Left
Blackwhole,27.301192224483767,0.009416218487379134,Right
Blackwhole,27.301192224483767,-0.009416218487379134,Left
Blackwhole,27.66903886511313,0.01138399912570418,Right
Blackwhole,27.66903886511313,-0.01138399912570418,Left
Blackwhole,28.03688550574249,0.013642950747724878,Right
Blackwhole,28.03688550574249,-0.013642950747724878,Left
Blackwhole,28.404732146371856,0.016208226597181383,Right
Blackwhole,28.404732146371856,-0.016208226597181383,Left
Blackwhole,28.772578787001216,0.019091626225732135,Right
Blackwhole,28.772578787001216,-0.019091626225732135,Left
Blackwhole,29.14042542763058,0.022300731726942736,Right
Blackwhole,29.14042542763058,-0.022300731726942736,Left
Blackwhole,29.50827206825994,0.025838031164033676,Right
Blackwhole,29.50827206825994,-0.025838031164033676,Left
Blackwhole,29.8761187088893,0.02970006291182266,Right
Blackwhole,29.8761187088893,-0.02970006291182266,Left
Blackwhole,30.243965349518664,0.03387663782624214,Right
Blackwhole,30.243965349518664,-0.03387663782624214,Left
Blackwhole,30.611811990148027,0.03835022230205975,Right
Blackwhole,30.611811990148027,-0.03835022230205975,Left
Blackwhole,30.97965863077739,0.043095588987712506,Right
Blackwhole,30.97965863077739,-0.043095588987712506,Left
Blackwhole,31.347505271406753,0.048079856620552475,Right
Blackwhole,31.347505271406753,-0.048079856620552475,Left
Blackwhole,31.715351912036112,0.05326303954100535,Right
Blackwhole,31.715351912036112,-0.05326303954100535,Left
Blackwhole,32.08319855266548,0.058599205774974884,Right
Blackwhole,32.08319855266548,-0.058599205774974884,Left
Blackwhole,32.45104519329484,0.06403829780687008,Right
Blackwhole,32.45104519329484,-0.06403829780687008,Left
Blackwhole,32.8188918339242,0.06952860387120875,Right
Blackwhole,32.8188918339242,-0.06952860387120875,Left
Blackwhole,33.186738474553565,0.07501978568370236,Right
Blackwhole,33.186738474553565,-0.07501978568370236,Left
Blackwhole,33.554585115182924,0.08046628089483572,Right
Blackwhole,33.554585115182924,-0.08046628089483572,Left
Blackwhole,33.92243175581228,0.08583081780630182,Right
Blackwhole,33.92243175581228,-0.08583081780630182,Left
Blackwhole,34.29027839644165,0.09108771950308796,Right
Blackwhole,34.29027839644165,-0.09108771950308796,Left
Blackwhole,34.65812503707102,0.09622564653660788,Right
Blackwhole,34.65812503707102,-0.09622564653660788,Left
Blackwhole,35.025971677700376,0.10124943999262398,Right
Blackwhole,35.025971677700376,-0.10124943999262398,Left
Blackwhole,35.393818318329735,0.1061807831326202,Right
Blackwhole,35.393818318329735,-0.1061807831326202,Left
Blackwhole,35.7616649589591,0.11105749645371205,Right
Blackwhole,35.7616649589591,-0.11105749645371205,Left
Blackwhole,36.12951159958846,0.11593140846913969,Right
Blackwhole,36.12951159958846,-0.11593140846913969,Left
Blackwhole,36.49735824021782,0.12086488831000852,Right
Blackwhole,36.49735824021782,-0.12086488831000852,Left
Blackwhole,36.86520488084719,0.12592626899958684,Right
Blackwhole,36.86520488084719,-0.12592626899958684,Left
Blackwhole,37.23305152147655,0.13118451414905896,Right
Blackwhole,37.23305152147655,-0.13118451414905896,Left
Blackwhole,37.600898162105906,0.1367035702242712,Right
Blackwhole,37.600898162105906,-0.1367035702242712,Left
Blackwhole,37.96874480273527,0.14253689017157276,Right
Blackwhole,37.96874480273527,-0.14253689017157276,Left
Blackwhole,38.33659144336464,0.14872260670183934,Right
Blackwhole,38.33659144336464,-0.14872260670183934,Left
Blackwhole,38.704438083994,0.15527977606811239,Right
Blackwhole,38.704438083994,-0.15527977606811239,Left
Blackwhole,39.07228472462336,0.16220601307126137,Right
Blackwhole,39.07228472462336,-0.16220601307126137,Left
Blackwhole,39.440131365252725,0.16947670761909595,Right
Blackwhole,39.440131365252725,-0.16947670761909595,Left
Blackwhole,39.807978005882084,0.17704586793265428,Right
Blackwhole,39.807978005882084,-0.17704586793265428,Left
Blackwhole,40.175824646511444,0.18484849189152955,Right
Blackwhole,40.175824646511444,-0.18484849189152955,Left
Blackwhole,40.54367128714081,0.1928042412451194,Right
Blackwhole,40.54367128714081,-0.1928042412451194,Left
Blackwhole,40.91151792777017,0.20082209553137328,Right
Blackwhole,40.91151792777017,-0.20082209553137328,Left
Blackwhole,41.27936456839953,0.2088056010637686,Right
Blackwhole,41.27936456839953,-0.2088056010637686,Left
Blackwhole,41.647211209028896,0.21665830767169877,Right
Blackwhole,41.647211209028896,-0.21665830767169877,Left
Blackwhole,42.01505784965826,0.22428899949661532,Right
Blackwhole,42.01505784965826,-0.22428899949661532,Left
Blackwhole,42.38290449028762,0.23161636959132978,Right
Blackwhole,42.38290449028762,-0.23161636959132978,Left
Blackwhole,42.75075113091698,0.23857285244315393,Right
Blackwhole,42.75075113091698,-0.23857285244315393,Left
Blackwhole,43.11859777154635,0.24510740428456285,Right
Blackwhole,43.11859777154635,-0.24510740428456285,Left
Blackwhole,43.48644441217571,0.25118709963883684,Right
Blackwhole,43.48644441217571,-0.25118709963883684,Left
Blackwhole,43.85429105280507,0.2567974877449991,Right
Blackwhole,43.85429105280507,-0.2567974877449991,Left
Blackwhole,44.22213769343443,0.2619417210066634,Right
Blackwhole,44.22213769343443,-0.2619417210066634,Left
Blackwhole,44.5899843340638,0.2666385288871288,Right
Blackwhole,44.5899843340638,-0.2666385288871288,Left
Blackwhole,44.95783097469315,0.2709191661724616,Right
Blackwhole,44.95783097469315,-0.2709191661724616,Left
Blackwhole,45.32567761532252,0.27482351639084535,Right
Blackwhole,45.32567761532252,-0.27482351639084535,Left
Blackwhole,45.693524255951885,0.27839558085655924,Right
Blackwhole,45.693524255951885,-0.27839558085655924,Left
Blackwhole,46.06137089658124,0.2816786308676582,Right
Blackwhole,46.06137089658124,-0.2816786308676582,Left
Blackwhole,46.429217537210604,0.28471034205380763,Right
Blackwhole,46.429217537210604,-0.28471034205380763,Left
Blackwhole,46.79706417783997,0.2875182602706106,Right
Blackwhole,46.79706417783997,-0.2875182602706106,Left
Blackwhole,47.16491081846932,0.2901159605671675,Right
Blackwhole,47.16491081846932,-0.2901159605671675,Left
Blackwhole,47.53275745909869,0.29250024706582123,Right
Blackwhole,47.53275745909869,-0.29250024706582123,Left
Blackwhole,47.900604099728056,0.2946496959269711,Right
Blackwhole,47.900604099728056,-0.2946496959269711,Left
Blackwhole,48.26845074035742,0.29652476291404645,Right
Blackwhole,48.26845074035742,-0.29652476291404645,Left
Blackwhole,48.636297380986775,0.29806956298374365,Right
Blackwhole,48.636297380986775,-0.29806956298374365,Left
Blackwhole,49.00414402161614,0.299215288716195,Right
Blackwhole,49.00414402161614,-0.299215288716195,Left
Blackwhole,49.37199066224551,0.2998850794419182,Right
Blackwhole,49.37199066224551,-0.2998850794419182,Left
Blackwhole,49.73983730287486,0.3,Right
Blackwhole,49.73983730287486,-0.3,Left
Blackwhole,50.10768394350423,0.29948565582680775,Right
Blackwhole,50.10768394350423,-0.29948565582680775,Left
Blackwhole,50.475530584133594,0.2982788778527105,Right
Blackwhole,50.475530584133594,-0.2982788778527105,Left
Blackwhole,50.843377224762946,0.29633387160827906,Right
Blackwhole,50.843377224762946,-0.29633387160827906,Left
Blackwhole,51.21122386539231,0.2936272492832535,Right
Blackwhole,51.21122386539231,-0.2936272492832535,Left
Blackwhole,51.57907050602168,0.29016145267957477,Right
Blackwhole,51.57907050602168,-0.29016145267957477,Left
Blackwhole,51.946917146651046,0.28596622179530085,Right
Blackwhole,51.946917146651046,-0.28596622179530085,Left
Blackwhole,52.3147637872804,0.28109795270929444,Right
Blackwhole,52.3147637872804,-0.28109795270929444,Left
Blackwhole,52.682610427909765,0.275636997713733,Right
Blackwhole,52.682610427909765,-0.275636997713733,Left
Blackwhole,53.05045706853913,0.2696831651268834,Right
Blackwhole,53.05045706853913,-0.2696831651268834,Left
Blackwhole,53.418303709168484,0.26334985106943565,Right
Blackwhole,53.418303709168484,-0.26334985106943565,Left
Blackwhole,53.78615034979785,0.2567573598095028,Right
Blackwhole,53.78615034979785,-0.2567573598095028,Left
Blackwhole,54.15399699042722,0.2500260291564711,Right
Blackwhole,54.15399699042722,-0.2500260291564711,Left
Blackwhole,54.52184363105657,0.24326976774119086,Right
Blackwhole,54.52184363105657,-0.24326976774119086,Left
Blackwhole,54.889690271685936,0.2365905360402707,Right
Blackwhole,54.889690271685936,-0.2365905360402707,Left
Blackwhole,55.2575369123153,0.2300741750427823,Right
Blackwhole,55.2575369123153,-0.2300741750427823,Left
Blackwhole,55.62538355294467,0.22378782376809062,Right
Blackwhole,55.62538355294467,-0.22378782376809062,Left
Blackwhole,55.99323019357402,0.21777899056049502,Right
Blackwhole,55.99323019357402,-0.21777899056049502,Left
Blackwhole,56.36107683420339,0.21207617409702328,Right
Blackwhole,56.36107683420339,-0.21207617409702328,Left
Blackwhole,56.728923474832754,0.2066907862749355,Right
Blackwhole,56.728923474832754,-0.2066907862749355,Left
Blackwhole,57.09677011546211,0.20162002367780282,Right
Blackwhole,57.09677011546211,-0.20162002367780282,Left
Blackwhole,57.46461675609147,0.19685027452308976,Right
Blackwhole,57.46461675609147,-0.19685027452308976,Left
Blackwhole,57.83246339672084,0.19236063561562303,Right
Blackwhole,57.83246339672084,-0.19236063561562303,Left
Blackwhole,58.20031003735019,0.18812614579800463,Right
Blackwhole,58.20031003735019,-0.18812614579800463,Left
Blackwhole,58.56815667797956,0.18412041199283832,Right
Blackwhole,58.56815667797956,-0.18412041199283832,Left
Blackwhole,58.936003318608925,0.1803174020494144,Right
Blackwhole,58.936003318608925,-0.1803174020494144,Left
Blackwhole,59.30384995923829,0.17669229471928594,Right
Blackwhole,59.30384995923829,-0.17669229471928594,Left
Blackwhole,59.671696599867644,0.17322139999448374,Right
Blackwhole,59.671696599867644,-0.17322139999448374,Left
Blackwhole,60.03954324049701,0.16988128135500316,Right
Blackwhole,60.03954324049701,-0.16988128135500316,Left
Blackwhole,60.40738988112638,0.16664731399753888,Right
Blackwhole,60.40738988112638,-0.16664731399753888,Left
Blackwhole,60.77523652175573,0.16349198938402373,Right
Blackwhole,60.77523652175573,-0.16349198938402373,Left
Blackwhole,61.143083162385096,0.16038331748087695,Right
Blackwhole,61.143083162385096,-0.16038331748087695,Left
Blackwhole,61.51092980301446,0.15728367743535052,Right
Blackwhole,61.51092980301446,-0.15728367743535052,Left
Blackwhole,61.878776443643815,0.15414942249351596,Right
Blackwhole,61.878776443643815,-0.15414942249351596,Left
Blackwhole,62.24662308427318,0.15093145790431092,Right
Blackwhole,62.24662308427318,-0.15093145790431092,Left
Blackwhole,62.61446972490255,0.1475768890828625,Right
Blackwhole,62.61446972490255,-0.1475768890828625,Left
Blackwhole,62.982316365531915,0.1440316945208596,Right
Blackwhole,62.982316365531915,-0.1440316945208596,Left
Blackwhole,63.35016300616127,0.14024423123425692,Right
Blackwhole,63.35016300616127,-0.14024423123425692,Left
Blackwhole,63.718009646790634,0.13616924958490087,Right
Blackwhole,63.718009646790634,-0.13616924958490087,Left
Blackwhole,64.08585628742,0.13177199822597443,Right
Blackwhole,64.08585628742,-0.13177199822597443,Left
Blackwhole,64.45370292804935,0.12703195421343202,Right
Blackwhole,64.45370292804935,-0.12703195421343202,Left
Blackwhole,64.82154956867872,0.12194572710027302,Right
Blackwhole,64.82154956867872,-0.12194572710027302,Left
Blackwhole,65.18939620930809,0.11652875984798079,Right
Blackwhole,65.18939620930809,-0.11652875984798079,Left
Blackwhole,65.55724284993744,0.1108155754511084,Right
Blackwhole,65.55724284993744,-0.1108155754511084,Left
Blackwhole,65.9250894905668,0.10485848003629904,Right
Blackwhole,65.9250894905668,-0.10485848003629904,Left
Blackwhole,66.29293613119617,0.09872480894350891,Right
Blackwhole,66.29293613119617,-0.09872480894350891,Left
Blackwhole,66.66078277182554,0.09249296773378274,Right
Blackwhole,66.66078277182554,-0.09249296773378274,Left
Blackwhole,67.02862941245489,0.08624765258724522,Right
Blackwhole,67.02862941245489,-0.08624765258724522,Left
Blackwhole,67.39647605308426,0.08007471671486681,Right
Blackwhole,67.39647605308426,-0.08007471671486681,Left
Blackwhole,67.76432269371362,0.07405617158668476,Right
Blackwhole,67.76432269371362,-0.07405617158668476,Left
Blackwhole,68.13216933434298,0.0682657734432021,Right
Blackwhole,68.13216933434298,-0.0682657734432021,Left
Blackwhole,68.50001597497234,0.06276555495467451,Right
Blackwhole,68.50001597497234,-0.06276555495467451,Left
Blackwhole,68.86786261560171,0.05760353431022877,Right
Blackwhole,68.86786261560171,-0.05760353431022877,Left
Blackwhole,69.23570925623106,0.05281268897856745,Right
Blackwhole,69.23570925623106,-0.05281268897856745,Left
Blackwhole,69.60355589686043,0.04841113935646524,Right
Blackwhole,69.60355589686043,-0.04841113935646524,Left
Blackwhole,69.9714025374898,0.04440336675595126,Right
Blackwhole,69.9714025374898,-0.04440336675595126,Left
Blackwhole,70.33924917811916,0.04078220416297701,Right
Blackwhole,70.33924917811916,-0.04078220416297701,Left
Blackwhole,70.70709581874851,0.03753129412859837,Right
Blackwhole,70.70709581874851,-0.03753129412859837,Left
Blackwhole,71.07494245937788,0.034627706557443495,Right
Blackwhole,71.07494245937788,-0.034627706557443495,Left
Blackwhole,71.44278910000725,0.03204444459158835,Right
Blackwhole,71.44278910000725,-0.03204444459158835,Left
Blackwhole,71.8106357406366,0.02975262935826522,Right
Blackwhole,71.8106357406366,-0.02975262935826522,Left
Blackwhole,72.17848238126597,0.02772323173157834,Right
Blackwhole,72.17848238126597,-0.02772323173157834,Left
Blackwhole,72.54632902189533,0.02592829881396171,Right
Blackwhole,72.54632902189533,-0.02592829881396171,Left
Blackwhole,72.91417566252468,0.024341693509209388,Right
Blackwhole,72.91417566252468,-0.024341693509209388,Left
Blackwhole,73.28202230315405,0.022939419243157923,Right
Blackwhole,73.28202230315405,-0.022939419243157923,Left
Blackwhole,73.64986894378342,0.02169963423193661,Right
Blackwhole,73.64986894378342,-0.02169963423193661,Left
Blackwhole,74.01771558441278,0.02060247017754253,Right
Blackwhole,74.01771558441278,-0.02060247017754253,Left
Blackwhole,74.38556222504214,0.019629761710671014,Right
Blackwhole,74.38556222504214,-0.019629761710671014,Left
Blackwhole,74.7534088656715,0.018764770547549024,Right
Blackwhole,74.7534088656715,-0.018764770547549024,Left
Blackwhole,75.12125550630087,0.017991958678209904,Right
Blackwhole,75.12125550630087,-0.017991958678209904,Left
Blackwhole,75.48910214693022,0.017296834495183964,Right
Blackwhole,75.48910214693022,-0.017296834495183964,Left
Blackwhole,75.85694878755959,0.01666587011690076,Right
Blackwhole,75.85694878755959,-0.01666587011690076,Left
Blackwhole,76.22479542818895,0.01608647097763031,Right
Blackwhole,76.22479542818895,-0.01608647097763031,Left
Blackwhole,76.59264206881832,0.015546971581087242,Right
Blackwhole,76.59264206881832,-0.015546971581087242,Left
Blackwhole,76.96048870944767,0.015036633518446783,Right
Blackwhole,76.96048870944767,-0.015036633518446783,Left
Blackwhole,77.32833535007704,0.014545631024003804,Right
Blackwhole,77.32833535007704,-0.014545631024003804,Left
Blackwhole,77.6961819907064,0.01406502195246728,Right
Blackwhole,77.6961819907064,-0.01406502195246728,Left
Blackwhole,78.06402863133576,0.013586714261059186,Right
Blackwhole,78.06402863133576,-0.013586714261059186,Left
Blackwhole,78.43187527196513,0.013103446495093722,Right
Blackwhole,78.43187527196513,-0.013103446495093722,Left
Blackwhole,78.79972191259449,0.012608803164517292,Right
Blackwhole,78.79972191259449,-0.012608803164517292,Left
Blackwhole,79.16756855322386,0.012097281541407911,Right
Blackwhole,79.16756855322386,-0.012097281541407911,Left
Blackwhole,79.53541519385321,0.011564416183382773,Right
Blackwhole,79.53541519385321,-0.011564416183382773,Left
Blackwhole,79.90326183448258,0.0110069536249143,Right
Blackwhole,79.90326183448258,-0.0110069536249143,Left
Blackwhole,80.27110847511194,0.010423055246880978,Right
Blackwhole,80.27110847511194,-0.010423055246880978,Left
Blackwhole,80.6389551157413,0.009812494575875335,Right
Blackwhole,80.6389551157413,-0.009812494575875335,Left
Blackwhole,81.00680175637066,0.00917680890808166,Right
Blackwhole,81.00680175637066,-0.00917680890808166,Left
Blackwhole,81.37464839700003,0.008519365851836368,Right
Blackwhole,81.37464839700003,-0.008519365851836368,Left
Blackwhole,81.74249503762938,0.007845313388144462,Right
Blackwhole,81.74249503762938,-0.007845313388144462,Left
Blackwhole,82.11034167825875,0.007161396172031867,Right
Blackwhole,82.11034167825875,-0.007161396172031867,Left
Blackwhole,82.47818831888812,0.006475638675054736,Right
Blackwhole,82.47818831888812,-0.006475638675054736,Left
Blackwhole,82.84603495951748,0.005796914347827986,Right
Blackwhole,82.84603495951748,-0.005796914347827986,Left
Blackwhole,83.21388160014683,0.005134436127719143,Right
Blackwhole,83.21388160014683,-0.005134436127719143,Left
Blackwhole,83.5817282407762,0.00449721471200688,Right
Blackwhole,83.5817282407762,-0.00449721471200688,Left
Blackwhole,83.94957488140557,0.0038935354180672705,Right
Blackwhole,83.94957488140557,-0.0038935354180672705,Left
Blackwhole,84.31742152203492,0.003330501735815609,Right
Blackwhole,84.31742152203492,-0.003330501735815609,Left
Blackwhole,84.68526816266429,0.0028136846306904893,Right
Blackwhole,84.68526816266429,-0.0028136846306904893,Left
Blackwhole,85.05311480329365,0.0023469030389468245,Right
Blackwhole,85.05311480329365,-0.0023469030389468245,Left
Blackwhole,85.420961443923,0.0019321451497697326,Right
Blackwhole,85.420961443923,-0.0019321451497697326,Left
Blackwhole,85.78880808455237,0.001569624446432829,Right
Blackwhole,85.78880808455237,-0.001569624446432829,Left
Sky,18.802548959102555,0.0019265087686298281,Right
Sky,18.802548959102555,-0.0019265087686298281,Left
Sky,19.178050295521874,0.002352919156174585,Right
Sky,19.178050295521874,-0.002352919156174585,Left
Sky,19.553551631941197,0.0028402937907375356,Right
Sky,19.553551631941197,-0.0028402937907375356,Left
Sky,19.929052968360516,0.0033908259550325874,Right
Sky,19.929052968360516,-0.0033908259550325874,Left
Sky,20.304554304779835,0.004006305696003227,Right
Sky,20.304554304779835,-0.004006305696003227,Left
Sky,20.680055641199154,0.004688522393491694,Right
Sky,20.680055641199154,-0.004688522393491694,Left
Sky,21.055556977618476,0.005439813963171802,Right
Sky,21.055556977618476,-0.005439813963171802,Left
Sky,21.431058314037795,0.006263718548473453,Right
Sky,21.431058314037795,-0.006263718548473453,Left
Sky,21.806559650457114,0.007165655771592484,Right
Sky,21.806559650457114,-0.007165655771592484,Left
Sky,22.182060986876433,0.008153539754965687,Right
Sky,22.182060986876433,-0.008153539754965687,Left
Sky,22.557562323295755,0.009238210371155155,Right
Sky,22.557562323295755,-0.009238210371155155,Left
Sky,22.933063659715074,0.010433567419734172,Right
Sky,22.933063659715074,-0.010433567419734172,Left
Sky,23.308564996134393,0.011756308313353381,Right
Sky,23.308564996134393,-0.011756308313353381,Left
Sky,23.684066332553712,0.01322520486179383,Right
Sky,23.684066332553712,-0.01322520486179383,Left
Sky,24.059567668973035,0.014859907460843574,Right
Sky,24.059567668973035,-0.014859907460843574,Left
Sky,24.435069005392354,0.01667933078228309,Right
Sky,24.435069005392354,-0.01667933078228309,Left
Sky,24.810570341811673,0.018699746240974056,Right
Sky,24.810570341811673,-0.018699746240974056,Left
Sky,25.186071678230995,0.02093277313146483,Right
Sky,25.186071678230995,-0.02093277313146483,Left
Sky,25.561573014650314,0.02338351145697346,Right
Sky,25.561573014650314,-0.02338351145697346,Left
Sky,25.937074351069633,0.026049084904563976,Right
Sky,25.937074351069633,-0.026049084904563976,Left
Sky,26.312575687488952,0.0289178544445577,Right
Sky,26.312575687488952,-0.0289178544445577,Left
Sky,26.68807702390827,0.03196951804988841,Right
Sky,26.68807702390827,-0.03196951804988841,Left
Sky,27.063578360327593,0.03517623163762742,Right
Sky,27.063578360327593,-0.03517623163762742,Left
Sky,27.439079696746912,0.038504777639448436,Right
Sky,27.439079696746912,-0.038504777639448436,Left
Sky,27.814581033166235,0.04191968264669148,Right
Sky,27.814581033166235,-0.04191968264669148,Left
Sky,28.190082369585554,0.04538705984464183,Right
Sky,28.190082369585554,-0.04538705984464183,Left
Sky,28.565583706004873,0.048878842250106365,Right
Sky,28.565583706004873,-0.048878842250106365,Left
Sky,28.94108504242419,0.052376994698722416,Right
Sky,28.94108504242419,-0.052376994698722416,Left
Sky,29.31658637884351,0.055877258072470536,Right
Sky,29.31658637884351,-0.055877258072470536,Left
Sky,29.69208771526283,0.05939199485130312,Right
Sky,29.69208771526283,-0.05939199485130312,Left
Sky,30.067589051682152,0.06295177055197758,Right
Sky,30.067589051682152,-0.06295177055197758,Left
Sky,30.44309038810147,0.06660541420781957,Right
Sky,30.44309038810147,-0.06660541420781957,Left
Sky,30.818591724520793,0.07041844039828161,Right
Sky,30.818591724520793,-0.07041844039828161,Left
Sky,31.194093060940112,0.07446986942031984,Right
Sky,31.194093060940112,-0.07446986942031984,Left
Sky,31.56959439735943,0.0788476336498222,Right
Sky,31.56959439735943,-0.0788476336498222,Left
Sky,31.94509573377875,0.08364289072100553,Right
Sky,31.94509573377875,-0.08364289072100553,Left
Sky,32.32059707019807,0.08894366476728727,Right
Sky,32.32059707019807,-0.08894366476728727,Left
Sky,32.696098406617395,0.09482829706462063,Right
Sky,32.696098406617395,-0.09482829706462063,Left
Sky,33.071599743036714,0.10135920350861623,Right
Sky,33.071599743036714,-0.10135920350861623,Left
Sky,33.44710107945603,0.10857740973445111,Right
Sky,33.44710107945603,-0.10857740973445111,Left
Sky,33.82260241587535,0.1164982705238147,Right
Sky,33.82260241587535,-0.1164982705238147,Left
Sky,34.19810375229467,0.125108686234335,Right
Sky,34.19810375229467,-0.125108686234335,Left
Sky,34.57360508871399,0.13436601448156632,Right
Sky,34.57360508871399,-0.13436601448156632,Left
Sky,34.94910642513331,0.14419874964255866,Right
Sky,34.94910642513331,-0.14419874964255866,Left
Sky,35.32460776155263,0.1545089149800963,Right
Sky,35.32460776155263,-0.1545089149800963,Left
Sky,35.700109097971946,0.16517599065483632,Right
Sky,35.700109097971946,-0.16517599065483632,Left
Sky,36.075610434391265,0.17606209321758867,Right
Sky,36.075610434391265,-0.17606209321758867,Left
Sky,36.451111770810584,0.1870180353172629,Right
Sky,36.451111770810584,-0.1870180353172629,Left
Sky,36.82661310722991,0.19788983460371964,Right
Sky,36.82661310722991,-0.19788983460371964,Left
Sky,37.20211444364923,0.20852521349298933,Right
Sky,37.20211444364923,-0.20852521349298933,Left
Sky,37.57761578006855,0.21877964045241063,Right
Sky,37.57761578006855,-0.21877964045241063,Left
Sky,37.953117116487874,0.22852151034876905,Right
Sky,37.953117116487874,-0.22852151034876905,Left
Sky,38.32861845290719,0.23763614467094274,Right
Sky,38.32861845290719,-0.23763614467094274,Left
Sky,38.70411978932651,0.24602840679610669,Right
Sky,38.70411978932651,-0.24602840679610669,Left
Sky,39.07962112574583,0.253623863578462,Right
Sky,39.07962112574583,-0.253623863578462,Left
Sky,39.45512246216515,0.260368569373803,Right
Sky,39.45512246216515,-0.260368569373803,Left
Sky,39.83062379858447,0.26622768651820805,Right
Sky,39.83062379858447,-0.26622768651820805,Left
Sky,40.20612513500379,0.2711832707152568,Right
Sky,40.20612513500379,-0.2711832707152568,Left
Sky,40.58162647142311,0.27523162555443964,Right
Sky,40.58162647142311,-0.27523162555443964,Left
Sky,40.957127807842426,0.278380656014855,Right
Sky,40.957127807842426,-0.278380656014855,Left
Sky,41.332629144261745,0.28064762070872973,Right
Sky,41.332629144261745,-0.28064762070872973,Left
Sky,41.70813048068106,0.2820575985444774,Right
Sky,41.70813048068106,-0.2820575985444774,Left
Sky,42.08363181710038,0.2826428569928774,Right
Sky,42.08363181710038,-0.2826428569928774,Left
Sky,42.45913315351971,0.28244315278660287,Right
Sky,42.45913315351971,-0.28244315278660287,Left
Sky,42.83463448993903,0.2815068332211962,Right
Sky,42.83463448993903,-0.2815068332211962,Left
Sky,43.210135826358346,0.27989246075765906,Right
Sky,43.210135826358346,-0.27989246075765906,Left
Sky,43.58563716277767,0.27767057722364663,Right
Sky,43.58563716277767,-0.27767057722364663,Left
Sky,43.96113849919699,0.2749251732609742,Right
Sky,43.96113849919699,-0.2749251732609742,Left
Sky,44.33663983561631,0.27175444240503216,Right
Sky,44.33663983561631,-0.27175444240503216,Left
Sky,44.71214117203563,0.2682704762387146,Right
Sky,44.71214117203563,-0.2682704762387146,Left
Sky,45.08764250845495,0.2645976866098167,Right
Sky,45.08764250845495,-0.2645976866098167,Left
Sky,45.46314384487427,0.26086990394204757,Right
Sky,45.46314384487427,-0.26086990394204757,Left
Sky,45.838645181293586,0.2572262730628632,Right
Sky,45.838645181293586,-0.2572262730628632,Left
Sky,46.214146517712905,0.2538062243457396,Right
Sky,46.214146517712905,-0.2538062243457396,Left
Sky,46.589647854132224,0.2507439158523478,Right
Sky,46.589647854132224,-0.2507439158523478,Left
Sky,46.96514919055154,0.24816260559463352,Right
Sky,46.96514919055154,-0.24816260559463352,Left
Sky,47.34065052697086,0.24616941497863365,Right
Sky,47.34065052697086,-0.24616941497863365,Left
Sky,47.71615186339018,0.24485088766962176,Right
Sky,47.71615186339018,-0.24485088766962176,Left
Sky,48.09165319980951,0.24426964417322056,Right
Sky,48.09165319980951,-0.24426964417322056,Left
Sky,48.467154536228826,0.24446229957238316,Right
Sky,48.467154536228826,-0.24446229957238316,Left
Sky,48.842655872648145,0.24543867152899668,Right
Sky,48.842655872648145,-0.24543867152899668,Left
Sky,49.21815720906747,0.24718217878656445,Right
Sky,49.21815720906747,-0.24718217878656445,Left
Sky,49.59365854548679,0.24965123402596184,Right
Sky,49.59365854548679,-0.24965123402596184,Left
Sky,49.96915988190611,0.2527813796369846,Right
Sky,49.96915988190611,-0.2527813796369846,Left
Sky,50.34466121832543,0.2564879037240526,Right
Sky,50.34466121832543,-0.2564879037240526,Left
Sky,50.720162554744746,0.26066870192947783,Right
Sky,50.720162554744746,-0.26066870192947783,Left
Sky,51.095663891164065,0.26520720786023816,Right
Sky,51.095663891164065,-0.26520720786023816,Left
Sky,51.471165227583384,0.2699752868098671,Right
Sky,51.471165227583384,-0.2699752868098671,Left
Sky,51.8466665640027,0.2748360589875257,Right
Sky,51.8466665640027,-0.2748360589875257,Left
Sky,52.22216790042202,0.27964667637087376,Right
Sky,52.22216790042202,-0.27964667637087376,Left
Sky,52.59766923684134,0.2842611123557696,Right
Sky,52.59766923684134,-0.2842611123557696,Left
Sky,52.97317057326066,0.2885330315843286,Right
Sky,52.97317057326066,-0.2885330315843286,Left
Sky,53.34867190967998,0.29231879010568596,Right
Sky,53.34867190967998,-0.29231879010568596,Left
Sky,53.7241732460993,0.2954805793647277,Right
Sky,53.7241732460993,-0.2954805793647277,Left
Sky,54.09967458251862,0.29788968043140795,Right
Sky,54.09967458251862,-0.29788968043140795,Left
Sky,54.47517591893795,0.2994297473958236,Right
Sky,54.47517591893795,-0.2994297473958236,Left
Sky,54.85067725535727,0.3,Right
Sky,54.85067725535727,-0.3,Left
Sky,55.22617859177659,0.2995181818086875,Right
Sky,55.22617859177659,-0.2995181818086875,Left
Sky,55.60167992819591,0.29792313446911467,Right
Sky,55.60167992819591,-0.29792313446911467,Left
Sky,55.977181264615226,0.29517685014879896,Right
Sky,55.977181264615226,-0.29517685014879896,Left
Sky,56.352682601034545,0.29126588932370995,Right
Sky,56.352682601034545,-0.29126588932370995,Left
Sky,56.72818393745386,0.28620208415319365,Right
Sky,56.72818393745386,-0.28620208415319365,Left
Sky,57.10368527387318,0.2800224828249609,Right
Sky,57.10368527387318,-0.2800224828249609,Left
Sky,57.4791866102925,0.2727885226572357,Right
Sky,57.4791866102925,-0.2727885226572357,Left
Sky,57.85468794671182,0.26458444667147757,Right
Sky,57.85468794671182,-0.26458444667147757,Left
Sky,58.23018928313114,0.25551499956816026,Right
Sky,58.23018928313114,-0.25551499956816026,Left
Sky,58.60569061955046,0.24570245655640527,Right
Sky,58.60569061955046,-0.24570245655640527,Left
Sky,58.98119195596978,0.23528305568190244,Right
Sky,58.98119195596978,-0.23528305568190244,Left
Sky,59.356693292389096,0.22440292466675404,Right
Sky,59.356693292389096,-0.22440292466675404,Left
Sky,59.732194628808415,0.21321361912849637,Right
Sky,59.732194628808415,-0.21321361912849637,Left
Sky,60.10769596522775,0.20186742044250727,Right
Sky,60.10769596522775,-0.20186742044250727,Left
Sky,60.48319730164707,0.19051257573320649,Right
Sky,60.48319730164707,-0.19051257573320649,Left
Sky,60.858698638066386,0.17928869418824575,Right
Sky,60.858698638066386,-0.17928869418824575,Left
Sky,61.234199974485705,0.16832253598719185,Right
Sky,61.234199974485705,-0.16832253598719185,Left
Sky,61.609701310905024,0.1577244351609405,Right
Sky,61.609701310905024,-0.1577244351609405,Left
Sky,61.98520264732434,0.14758557949669052,Right
Sky,61.98520264732434,-0.14758557949669052,Left
Sky,62.36070398374366,0.13797632592219045,Right
Sky,62.36070398374366,-0.13797632592219045,Left
Sky,62.73620532016298,0.12894565945797626,Right
Sky,62.73620532016298,-0.12894565945797626,Left
Sky,63.1117066565823,0.12052181317474712,Right
Sky,63.1117066565823,-0.12052181317474712,Left
Sky,63.48720799300162,0.11271396516208282,Right
Sky,63.48720799300162,-0.11271396516208282,Left
Sky,63.86270932942094,0.10551482880097984,Right
Sky,63.86270932942094,-0.10551482880097984,Left
Sky,64.23821066584026,0.09890386824795913,Right
Sky,64.23821066584026,-0.09890386824795913,Left
Sky,64.61371200225958,0.09285081450938323,Right
Sky,64.61371200225958,-0.09285081450938323,Left
Sky,64.9892133386789,0.0873191380902025,Right
Sky,64.9892133386789,-0.0873191380902025,Left
Sky,65.36471467509821,0.08226915624028695,Right
Sky,65.36471467509821,-0.08226915624028695,Left
Sky,65.74021601151755,0.07766051463592796,Right
Sky,65.74021601151755,-0.07766051463592796,Left
Sky,66.11571734793687,0.07345387729153237,Right
Sky,66.11571734793687,-0.07345387729153237,Left
Sky,66.49121868435618,0.06961177196636006,Right
Sky,66.49121868435618,-0.06961177196636006,Left
Sky,66.8667200207755,0.0660986555173377,Right
Sky,66.8667200207755,-0.0660986555173377,Left
Sky,67.24222135719482,0.06288036798680703,Right
Sky,67.24222135719482,-0.06288036798680703,Left
Sky,67.61772269361414,0.05992322093622358,Right
Sky,67.61772269361414,-0.05992322093622358,Left
Sky,67.99322403003346,0.05719300397874922,Right
Sky,67.99322403003346,-0.05719300397874922,Left
Sky,68.36872536645278,0.0546541887213155,Right
Sky,68.36872536645278,-0.0546541887213155,Left
Sky,68.7442267028721,0.05226956298972051,Right
Sky,68.7442267028721,-0.05226956298972051,Left
Sky,69.11972803929142,0.050000448053718415,Right
Sky,69.11972803929142,-0.050000448053718415,Left
Sky,69.49522937571074,0.04780755026478339,Right
Sky,69.49522937571074,-0.04780755026478339,Left
Sky,69.87073071213005,0.045652391594119525,Right
Sky,69.87073071213005,-0.045652391594119525,Left
Sky,70.24623204854937,0.043499166948219585,Right
Sky,70.24623204854937,-0.043499166948219585,Left
Sky,70.62173338496869,0.04131680374643206,Right
Sky,70.62173338496869,-0.04131680374643206,Left
Sky,70.99723472138801,0.03908096089658125,Right
Sky,70.99723472138801,-0.03908096089658125,Left
Sky,71.37273605780734,0.03677570442390012,Right
Sky,71.37273605780734,-0.03677570442390012,Left
Sky,71.74823739422666,0.03439463418517617,Right
Sky,71.74823739422666,-0.03439463418517617,Left
Sky,72.12373873064598,0.031941303587123084,Right
Sky,72.12373873064598,-0.031941303587123084,Left
Sky,72.4992400670653,0.029428861238936732,Right
Sky,72.4992400670653,-0.029428861238936732,Left
Sky,72.87474140348462,0.026878937023727387,Right
Sky,72.87474140348462,-0.026878937023727387,Left
Sky,73.25024273990394,0.0243198820671452,Right
Sky,73.25024273990394,-0.0243198820671452,Left
Sky,73.62574407632326,0.021784541230922144,Right
Sky,73.62574407632326,-0.021784541230922144,Left
Sky,74.00124541274258,0.01930778012628482,Right
Sky,74.00124541274258,-0.01930778012628482,Left
Sky,74.3767467491619,0.016924002523488153,Right
Sky,74.3767467491619,-0.016924002523488153,Left
Sky,74.75224808558121,0.014664879124047427,Right
Sky,74.75224808558121,-0.014664879124047427,Left
Sky,75.12774942200053,0.012557469532411722,Right
Sky,75.12774942200053,-0.012557469532411722,Left
Sky,75.50325075841985,0.010622863298178674,Right
Sky,75.50325075841985,-0.010622863298178674,Left
Sky,75.87875209483917,0.008875401919072634,Right
Sky,75.87875209483917,-0.008875401919072634,Left
Sky,76.25425343125849,0.00732248051746737,Right
Sky,76.25425343125849,-0.00732248051746737,Left
Sky,76.62975476767781,0.005964873084176936,Right
Sky,76.62975476767781,-0.005964873084176936,Left
Sky,77.00525610409714,0.004797484108123521,Right
Sky,77.00525610409714,-0.004797484108123521,Left
Sky,77.38075744051646,0.0038104048436227176,Right
Sky,77.38075744051646,-0.0038104048436227176,Left
Sky,77.75625877693578,0.0029901445619123137,Right
Sky,77.75625877693578,-0.0029901445619123137,Left
Sky,78.1317601133551,0.002320913835464931,Right
Sky,78.1317601133551,-0.002320913835464931,Left
Sky,78.50726144977442,0.001785854619314868,Right
Sky,78.50726144977442,-0.001785854619314868,Left
Sky,78.88276278619374,0.0013681362788714182,Right
Sky,78.88276278619374,-0.0013681362788714182,Left
Sky,79.25826412261306,0.001051863435209932,Right
Sky,79.25826412261306,-0.001051863435209932,Left
Sky,79.63376545903238,0.000822766856896596,Right
Sky,79.63376545903238,-0.000822766856896596,Left
Sky,80.0092667954517,0.0006686699687635436,Right
Sky,80.0092667954517,-0.0006686699687635436,Left
Sky,80.38476813187101,0.0005797394455322477,Right
Sky,80.38476813187101,-0.0005797394455322477,Left
Sky,80.76026946829033,0.0005485385735351146,Right
Sky,80.76026946829033,-0.0005485385735351146,Left
Sky,81.13577080470965,0.0005699073390298021,Right
Sky,81.13577080470965,-0.0005699073390298021,Left
Sky,81.51127214112897,0.0006406949389277334,Right
Sky,81.51127214112897,-0.0006406949389277334,Left
Sky,81.88677347754829,0.0007593703027293874,Right
Sky,81.88677347754829,-0.0007593703027293874,Left
Sky,82.26227481396761,0.0009255358872510553,Right
Sky,82.26227481396761,-0.0009255358872510553,Left
Sky,82.63777615038694,0.0011393707065280464,Right
Sky,82.63777615038694,-0.0011393707065280464,Left
Sky,83.01327748680625,0.0014010309418590343,Right
Sky,83.01327748680625,-0.0014010309418590343,Left
Sky,83.38877882322556,0.0017100404926278414,Right
Sky,83.38877882322556,-0.0017100404926278414,Left
Sky,83.76428015964488,0.0020647087391915905,Right
Sky,83.76428015964488,-0.0020647087391915905,Left
Sky,84.13978149606422,0.0024616173000058398,Right
Sky,84.13978149606422,-0.0024616173000058398,Left
Sky,84.51528283248354,0.002895220062602759,Right
Sky,84.51528283248354,-0.002895220062602759,Left
Sky,84.89078416890285,0.0033575996325561834,Right
Sky,84.89078416890285,-0.0033575996325561834,Left
Sky,85.26628550532217,0.003838417295078093,Right
Sky,85.26628550532217,-0.003838417295078093,Left
Sky,85.64178684174149,0.004325081997574212,Right
Sky,85.64178684174149,-0.004325081997574212,Left
Sky,86.01728817816081,0.0048031470093622035,Right
Sky,86.01728817816081,-0.0048031470093622035,Left
Sky,86.39278951458013,0.00525692205922727,Right
Sky,86.39278951458013,-0.00525692205922727,Left
Sky,86.76829085099945,0.0056702660700837446,Right
Sky,86.76829085099945,-0.0056702660700837446,Left
Sky,87.14379218741877,0.006027503938291963,Right
Sky,87.14379218741877,-0.006027503938291963,Left
Sky,87.51929352383809,0.006314393226721106,Right
Sky,87.51929352383809,-0.006314393226721106,Left
Sky,87.8947948602574,0.006519055986099767,Right
Sky,87.8947948602574,-0.006519055986099767,Left
Sky,88.27029619667672,0.006632789261670094,Right
Sky,88.27029619667672,-0.006632789261670094,Left
Sky,88.64579753309604,0.006650676085475199,Right
Sky,88.64579753309604,-0.006650676085475199,Left
Sky,89.02129886951536,0.006571936400147375,Right
Sky,89.02129886951536,-0.006571936400147375,Left
Sky,89.39680020593468,0.006399982507936378,Right
Sky,89.39680020593468,-0.006399982507936378,Left
Sky,89.77230154235401,0.006142173234730229,Right
Sky,89.77230154235401,-0.006142173234730229,Left
Sky,90.14780287877333,0.005809291289831303,Right
Sky,90.14780287877333,-0.005809291289831303,Left
Sky,90.52330421519265,0.005414795419731165,Right
Sky,90.52330421519265,-0.005414795419731165,Left
Sky,90.89880555161197,0.004973919519058709,Right
Sky,90.89880555161197,-0.004973919519058709,Left
Sky,91.27430688803129,0.00450270249973332,Right
Sky,91.27430688803129,-0.00450270249973332,Left
Sky,91.64980822445061,0.004017034393049708,Right
Sky,91.64980822445061,-0.004017034393049708,Left
Sky,92.02530956086993,0.0035317962659201143,Right
Sky,92.02530956086993,-0.0035317962659201143,Left
Sky,92.40081089728925,0.003060155756828668,Right
Sky,92.40081089728925,-0.003060155756828668,Left
Sky,92.77631223370857,0.002613059004299191,Right
Sky,92.77631223370857,-0.002613059004299191,Left
Sky,93.15181357012789,0.0021989365424708424,Right
Sky,93.15181357012789,-0.0021989365424708424,Left
Sky,93.5273149065472,0.0018236184279533535,Right
Sky,93.5273149065472,-0.0018236184279533535,Left
Surface,21.98078835264415,0.001082510553789495,Right
Surface,21.98078835264415,-0.001082510553789495,Left
Surface,22.263028540152145,0.0013187036437250594,Right
Surface,22.263028540152145,-0.0013187036437250594,Left
Surface,22.54526872766014,0.0015917773014429999,Right
Surface,22.54526872766014,-0.0015917773014429999,Left
Surface,22.827508915168135,0.0019043130842293886,Right
Surface,22.827508915168135,-0.0019043130842293886,Left
Surface,23.10974910267613,0.0022585429336953746,Right
Surface,23.10974910267613,-0.0022585429336953746,Left
Surface,23.391989290184124,0.0026563062667261535,Right
Surface,23.391989290184124,-0.0026563062667261535,Left
Surface,23.67422947769212,0.003099038205868016,Right
Surface,23.67422947769212,-0.003099038205868016,Left
Surface,23.956469665200114,0.003587793713746648,Right
Surface,23.956469665200114,-0.003587793713746648,Left
Surface,24.23870985270811,0.004123309274833751,Right
Surface,24.23870985270811,-0.004123309274833751,Left
Surface,24.520950040216103,0.004706099956213617,Right
Surface,24.520950040216103,-0.004706099956213617,Left
Surface,24.803190227724098,0.005336585547728089,Right
Surface,24.803190227724098,-0.005336585547728089,Left
Surface,25.085430415232093,0.006015235509602161,Right
Surface,25.085430415232093,-0.006015235509602161,Left
Surface,25.367670602740088,0.00674271917687195,Right
Surface,25.367670602740088,-0.00674271917687195,Left
Surface,25.649910790248082,0.00752004560517293,Right
Surface,25.649910790248082,-0.00752004560517293,Left
Surface,25.932150977756077,0.008348677018817705,Right
Surface,25.932150977756077,-0.008348677018817705,Left
Surface,26.21439116526407,0.009230601295857115,Right
Surface,26.21439116526407,-0.009230601295857115,Left
Surface,26.496631352772066,0.01016835231893113,Right
Surface,26.496631352772066,-0.01016835231893113,Left
Surface,26.77887154028006,0.011164972089924249,Right
Surface,26.77887154028006,-0.011164972089924249,Left
Surface,27.061111727788056,0.01222391473959556,Right
Surface,27.061111727788056,-0.01222391473959556,Left
Surface,27.34335191529605,0.013348899227647624,Right
Surface,27.34335191529605,-0.013348899227647624,Left
Surface,27.625592102804045,0.014543723754110595,Right
Surface,27.625592102804045,-0.014543723754110595,Left
Surface,27.90783229031204,0.015812059798169173,Right
Surface,27.90783229031204,-0.015812059798169173,Left
Surface,28.190072477820035,0.017157246485613353,Right
Surface,28.190072477820035,-0.017157246485613353,Left
Surface,28.47231266532803,0.018582106121783983,Right
Surface,28.47231266532803,-0.018582106121783983,Left
Surface,28.75455285283602,0.020088799020657595,Right
Surface,28.75455285283602,-0.020088799020657595,Left
Surface,29.036793040344016,0.02167873042921279,Right
Surface,29.036793040344016,-0.02167873042921279,Left
Surface,29.31903322785201,0.02335251502052369,Right
Surface,29.31903322785201,-0.02335251502052369,Left
Surface,29.601273415360005,0.02510999609630558,Right
Surface,29.601273415360005,-0.02510999609630558,Left
Surface,29.883513602868,0.02695030852441064,Right
Surface,29.883513602868,-0.02695030852441064,Left
Surface,30.165753790375994,0.028871967834849223,Right
Surface,30.165753790375994,-0.028871967834849223,Left
Surface,30.44799397788399,0.030872963984417804,Right
Surface,30.44799397788399,-0.030872963984417804,Left
Surface,30.730234165391984,0.03295083793864086,Right
Surface,30.730234165391984,-0.03295083793864086,Left
Surface,31.01247435289998,0.035102722802185855,Right
Surface,31.01247435289998,-0.035102722802185855,Left
Surface,31.294714540407973,0.037325338571097454,Right
Surface,31.294714540407973,-0.037325338571097454,Left
Surface,31.576954727915968,0.03961493989518288,Right
Surface,31.576954727915968,-0.03961493989518288,Left
Surface,31.859194915423963,0.04196722819657083,Right
Surface,31.859194915423963,-0.04196722819657083,Left
Surface,32.14143510293196,0.04437725136214957,Right
Surface,32.14143510293196,-0.04437725136214957,Left
Surface,32.42367529043995,0.04683932410081967,Right
Surface,32.42367529043995,-0.04683932410081967,Left
Surface,32.70591547794795,0.04934700809489312,Right
Surface,32.70591547794795,-0.04934700809489312,Left
Surface,32.98815566545594,0.05189319178932291,Right
Surface,32.98815566545594,-0.05189319178932291,Left
Surface,33.27039585296394,0.054470304155735,Right
Surface,33.27039585296394,-0.054470304155735,Left
Surface,33.55263604047193,0.05707068491849861,Right
Surface,33.55263604047193,-0.05707068491849861,Left
Surface,33.834876227979926,0.0596871162814064,Right
Surface,33.834876227979926,-0.0596871162814064,Left
Surface,34.11711641548792,0.06231349973650251,Right
Surface,34.11711641548792,-0.06231349973650251,Left
Surface,34.399356602995915,0.06494563837335178,Right
Surface,34.399356602995915,-0.06494563837335178,Left
Surface,34.68159679050391,0.06758206301214735,Right
Surface,34.68159679050391,-0.06758206301214735,Left
Surface,34.963836978011905,0.07022482238653939,Right
Surface,34.963836978011905,-0.07022482238653939,Left
Surface,35.2460771655199,0.07288014622637662,Right
Surface,35.2460771655199,-0.07288014622637662,Left
Surface,35.528317353027894,0.07555888760102884,Right
Surface,35.528317353027894,-0.07555888760102884,Left
Surface,35.81055754053589,0.0782766585790409,Right
Surface,35.81055754053589,-0.0782766585790409,Left
Surface,36.092797728043884,0.08105359135708594,Right
Surface,36.092797728043884,-0.08105359135708594,Left
Surface,36.37503791555188,0.08391368455344948,Right
Surface,36.37503791555188,-0.08391368455344948,Left
Surface,36.65727810305987,0.0868837292599371,Right
Surface,36.65727810305987,-0.0868837292599371,Left
Surface,36.93951829056787,0.08999184865908284,Right
Surface,36.93951829056787,-0.08999184865908284,Left
Surface,37.22175847807586,0.09326572483966439,Right
Surface,37.22175847807586,-0.09326572483966439,Left
Surface,37.50399866558386,0.09673062289982776,Right
Surface,37.50399866558386,-0.09673062289982776,Left
Surface,37.78623885309185,0.1004073516656583,Right
Surface,37.78623885309185,-0.1004073516656583,Left
Surface,38.06847904059985,0.10431031906990634,Right
Surface,38.06847904059985,-0.10431031906990634,Left
Surface,38.35071922810784,0.10844584602611514,Right
Surface,38.35071922810784,-0.10844584602611514,Left
Surface,38.63295941561584,0.11281089425547983,Right
Surface,38.63295941561584,-0.11281089425547983,Left
Surface,38.91519960312383,0.11739234104227798,Right
Surface,38.91519960312383,-0.11739234104227798,Left
Surface,39.197439790631826,0.12216689869374071,Right
Surface,39.197439790631826,-0.12216689869374071,Left
Surface,39.47967997813982,0.12710173115066364,Right
Surface,39.47967997813982,-0.12710173115066364,Left
Surface,39.761920165647815,0.13215576829781375,Right
Surface,39.761920165647815,-0.13215576829781375,Left
Surface,40.04416035315581,0.13728166427384478,Right
Surface,40.04416035315581,-0.13728166427384478,Left
Surface,40.326400540663805,0.14242829397287723,Right
Surface,40.326400540663805,-0.14242829397287723,Left
Surface,40.6086407281718,0.1475436363411723,Right
Surface,40.6086407281718,-0.1475436363411723,Left
Surface,40.890880915679794,0.1525778578834356,Right
Surface,40.890880915679794,-0.1525778578834356,Left
Surface,41.17312110318779,0.15748638805832418,Right
Surface,41.17312110318779,-0.15748638805832418,Left
Surface,41.455361290695784,0.16223277193307853,Right
Surface,41.455361290695784,-0.16223277193307853,Left
Surface,41.73760147820378,0.1667910953101946,Right
Surface,41.73760147820378,-0.1667910953101946,Left
Surface,42.01984166571177,0.17114780296210017,Right
Surface,42.01984166571177,-0.17114780296210017,Left
Surface,42.30208185321977,0.17530276979236184,Right
Surface,42.30208185321977,-0.17530276979236184,Left
Surface,42.58432204072776,0.179269534769137,Right
Surface,42.58432204072776,-0.179269534769137,Left
Surface,42.86656222823576,0.18307466458015864,Right
Surface,42.86656222823576,-0.18307466458015864,Left
Surface,43.14880241574375,0.18675627382452015,Right
Surface,43.14880241574375,-0.18675627382452015,Left
Surface,43.43104260325175,0.19036178667331638,Right
Surface,43.43104260325175,-0.19036178667331638,Left
Surface,43.71328279075974,0.19394507694919114,Right
Surface,43.71328279075974,-0.19394507694919114,Left
Surface,43.995522978267736,0.19756316564820486,Right
Surface,43.995522978267736,-0.19756316564820486,Left
Surface,44.27776316577573,0.20127268401029028,Right
Surface,44.27776316577573,-0.20127268401029028,Left
Surface,44.560003353283726,0.20512632431884162,Right
Surface,44.560003353283726,-0.20512632431884162,Left
Surface,44.84224354079172,0.20916949882793795,Right
Surface,44.84224354079172,-0.20916949882793795,Left
Surface,45.124483728299715,0.2134374099482301,Right
Surface,45.124483728299715,-0.2134374099482301,Left
Surface,45.40672391580771,0.21795270361196675,Right
Surface,45.40672391580771,-0.21795270361196675,Left
Surface,45.688964103315705,0.2227238351614114,Right
Surface,45.688964103315705,-0.2227238351614114,Left
Surface,45.9712042908237,0.22774422656285515,Right
Surface,45.9712042908237,-0.22774422656285515,Left
Surface,46.253444478331694,0.2329922391911099,Right
Surface,46.253444478331694,-0.2329922391911099,Left
Surface,46.53568466583969,0.2384319320481832,Right
Surface,46.53568466583969,-0.2384319320481832,Left
Surface,46.817924853347684,0.24401452518066943,Right
Surface,46.817924853347684,-0.24401452518066943,Left
Surface,47.10016504085568,0.2496804459437329,Right
Surface,47.10016504085568,-0.2496804459437329,Left
Surface,47.38240522836367,0.25536180462844726,Right
Surface,47.38240522836367,-0.25536180462844726,Left
Surface,47.66464541587167,0.2609851278862917,Right
Surface,47.66464541587167,-0.2609851278862917,Left
Surface,47.94688560337966,0.2664741742973498,Right
Surface,47.94688560337966,-0.2664741742973498,Left
Surface,48.22912579088766,0.2717526660798681,Right
Surface,48.22912579088766,-0.2717526660798681,Left
Surface,48.51136597839565,0.27674679287483717,Right
Surface,48.51136597839565,-0.27674679287483717,Left
Surface,48.79360616590365,0.2813873752249777,Right
Surface,48.79360616590365,-0.2813873752249777,Left
Surface,49.075846353411634,0.28561161340600766,Right
Surface,49.075846353411634,-0.28561161340600766,Left
Surface,49.35808654091963,0.28936438771637013,Right
Surface,49.35808654091963,-0.28936438771637013,Left
Surface,49.640326728427624,0.29259911508939057,Right
Surface,49.640326728427624,-0.29259911508939057,Left
Surface,49.92256691593562,0.2952782001302884,Right
Surface,49.92256691593562,-0.2952782001302884,Left
Surface,50.20480710344361,0.297373143266363,Right
Surface,50.20480710344361,-0.297373143266363,Left
Surface,50.48704729095161,0.2988643825640113,Right
Surface,50.48704729095161,-0.2988643825640113,Left
Surface,50.7692874784596,0.29974094817185737,Right
Surface,50.7692874784596,-0.29974094817185737,Left
Surface,51.0515276659676,0.3,Right
Surface,51.0515276659676,-0.3,Left
Surface,51.33376785347559,0.2996463022264623,Right
Surface,51.33376785347559,-0.2996463022264623,Left
Surface,51.61600804098359,0.29869166575199985,Right
Surface,51.61600804098359,-0.29869166575199985,Left
Surface,51.89824822849158,0.2971543657422268,Right
Surface,51.89824822849158,-0.2971543657422268,Left
Surface,52.18048841599958,0.2950585200283104,Right
Surface,52.18048841599958,-0.2950585200283104,Left
Surface,52.46272860350757,0.2924333991146338,Right
Surface,52.46272860350757,-0.2924333991146338,Left
Surface,52.744968791015566,0.28931263264381213,Right
Surface,52.744968791015566,-0.28931263264381213,Left
Surface,53.02720897852356,0.28573328178535073,Right
Surface,53.02720897852356,-0.28573328178535073,Left
Surface,53.309449166031555,0.2817347618874145,Right
Surface,53.309449166031555,-0.2817347618874145,Left
Surface,53.59168935353955,0.277357622938659,Right
Surface,53.59168935353955,-0.277357622938659,Left
Surface,53.873929541047545,0.2726422235669555,Right
Surface,53.873929541047545,-0.2726422235669555,Left
Surface,54.15616972855554,0.2676273631057103,Right
Surface,54.15616972855554,-0.2676273631057103,Left
Surface,54.438409916063534,0.26234896096859395,Right
Surface,54.438409916063534,-0.26234896096859395,Left
Surface,54.72065010357153,0.25683888879686717,Right
Surface,54.72065010357153,-0.25683888879686717,Left
Surface,55.002890291079524,0.25112406517949676,Right
Surface,55.002890291079524,-0.25112406517949676,Left
Surface,55.28513047858752,0.24522591332619884,Right
Surface,55.28513047858752,-0.24522591332619884,Left
Surface,55.56737066609551,0.23916025888752487,Right
Surface,55.56737066609551,-0.23916025888752487,Left
Surface,55.84961085360351,0.23293771007473138,Right
Surface,55.84961085360351,-0.23293771007473138,Left
Surface,56.1318510411115,0.2265645189507638,Right
Surface,56.1318510411115,-0.2265645189507638,Left
Surface,56.4140912286195,0.22004387609878284,Right
Surface,56.4140912286195,-0.22004387609878284,Left
Surface,56.69633141612749,0.21337754628151168,Right
Surface,56.69633141612749,-0.21337754628151168,Left
Surface,56.97857160363549,0.2065677155094675,Right
Surface,56.97857160363549,-0.2065677155094675,Left
Surface,57.26081179114348,0.1996188946303755,Right
Surface,57.26081179114348,-0.1996188946303755,Left
Surface,57.54305197865148,0.19253971420942417,Right
Surface,57.54305197865148,-0.19253971420942417,Left
Surface,57.82529216615947,0.18534445136682978,Right
Surface,57.82529216615947,-0.18534445136682978,Left
Surface,58.107532353667466,0.178054150725987,Right
Surface,58.107532353667466,-0.178054150725987,Left
Surface,58.38977254117546,0.17069723625935965,Right
Surface,58.38977254117546,-0.17069723625935965,Left
Surface,58.672012728683455,0.16330955472747627,Right
Surface,58.672012728683455,-0.16330955472747627,Left
Surface,58.95425291619145,0.15593383981976122,Right
Surface,58.95425291619145,-0.15593383981976122,Left
Surface,59.236493103699445,0.14861863397964908,Right
Surface,59.236493103699445,-0.14861863397964908,Left
Surface,59.51873329120744,0.14141674752740654,Right
Surface,59.51873329120744,-0.14141674752740654,Left
Surface,59.800973478715434,0.13438336825175876,Right
Surface,59.800973478715434,-0.13438336825175876,Left
Surface,60.08321366622343,0.1275739565465269,Right
Surface,60.08321366622343,-0.1275739565465269,Left
Surface,60.365453853731424,0.1210420702817154,Right
Surface,60.365453853731424,-0.1210420702817154,Left
Surface,60.64769404123942,0.11483726021173754,Right
Surface,60.64769404123942,-0.11483726021173754,Left
Surface,60.92993422874741,0.10900316237402861,Right
Surface,60.92993422874741,-0.10900316237402861,Left
Surface,61.21217441625541,0.1035758910842189,Right
Surface,61.21217441625541,-0.1035758910842189,Left
Surface,61.4944146037634,0.09858280778937709,Right
Surface,61.4944146037634,-0.09858280778937709,Left
Surface,61.7766547912714,0.09404171032879229,Right
Surface,61.7766547912714,-0.09404171032879229,Left
Surface,62.05889497877939,0.0899604569701178,Right
Surface,62.05889497877939,-0.0899604569701178,Left
Surface,62.34113516628739,0.08633701232522188,Right
Surface,62.34113516628739,-0.08633701232522188,Left
Surface,62.62337535379538,0.08315987961296935,Right
Surface,62.62337535379538,-0.08315987961296935,Left
Surface,62.905615541303376,0.08040886669663495,Right
Surface,62.905615541303376,-0.08040886669663495,Left
Surface,63.18785572881137,0.07805612215835608,Right
Surface,63.18785572881137,-0.07805612215835608,Left
Surface,63.470095916319366,0.07606737208061866,Right
Surface,63.470095916319366,-0.07606737208061866,Left
Surface,63.75233610382736,0.07440328746607563,Right
Surface,63.75233610382736,-0.07440328746607563,Left
Surface,64.03457629133536,0.07302091537758627,Right
Surface,64.03457629133536,-0.07302091537758627,Left
Surface,64.31681647884335,0.07187511286951977,Right
Surface,64.31681647884335,-0.07187511286951977,Left
Surface,64.59905666635134,0.07091993060009444,Right
Surface,64.59905666635134,-0.07091993060009444,Left
Surface,64.88129685385934,0.07010990178400944,Right
Surface,64.88129685385934,-0.07010990178400944,Left
Surface,65.16353704136733,0.06940120116551318,Right
Surface,65.16353704136733,-0.06940120116551318,Left
Surface,65.44577722887533,0.06875264746008415,Right
Surface,65.44577722887533,-0.06875264746008415,Left
Surface,65.72801741638332,0.06812653091019041,Right
Surface,65.72801741638332,-0.06812653091019041,Left
Surface,66.01025760389132,0.06748925507106078,Right
Surface,66.01025760389132,-0.06748925507106078,Left
Surface,66.29249779139931,0.0668117886587429,Right
Surface,66.29249779139931,-0.0668117886587429,Left
Surface,66.57473797890731,0.0660699293191386,Right
Surface,66.57473797890731,-0.0660699293191386,Left
Surface,66.8569781664153,0.06524438662954272,Right
Surface,66.8569781664153,-0.06524438662954272,Left
Surface,67.1392183539233,0.06432069665167746,Right
Surface,67.1392183539233,-0.06432069665167746,Left
Surface,67.42145854143129,0.06328898501737092,Right
Surface,67.42145854143129,-0.06328898501737092,Left
Surface,67.70369872893929,0.06214359988018137,Right
Surface,67.70369872893929,-0.06214359988018137,Left
Surface,67.98593891644728,0.06088264005026771,Right
Surface,67.98593891644728,-0.06088264005026771,Left
Surface,68.26817910395528,0.05950740707929051,Right
Surface,68.26817910395528,-0.05950740707929051,Left
Surface,68.55041929146327,0.058021812707399284,Right
Surface,68.55041929146327,-0.058021812707399284,Left
Surface,68.83265947897127,0.05643177458033708,Right
Surface,68.83265947897127,-0.05643177458033708,Left
Surface,69.11489966647926,0.05474463312181036,Right
Surface,69.11489966647926,-0.05474463312181036,Left
Surface,69.39713985398726,0.05296862057893271,Right
Surface,69.39713985398726,-0.05296862057893271,Left
Surface,69.67938004149525,0.05111240934132756,Right
Surface,69.67938004149525,-0.05111240934132756,Left
Surface,69.96162022900324,0.049184760652397,Right
Surface,69.96162022900324,-0.049184760652397,Left
Surface,70.24386041651124,0.047194287009817266,Right
Surface,70.24386041651124,-0.047194287009817266,Left
Surface,70.52610060401923,0.04514933237449637,Right
Surface,70.52610060401923,-0.04514933237449637,Left
Surface,70.80834079152723,0.04305796448973823,Right
Surface,70.80834079152723,-0.04305796448973823,Left
Surface,71.09058097903522,0.0409280640402876,Right
Surface,71.09058097903522,-0.0409280640402876,Left
Surface,71.37282116654322,0.038767487007367374,Right
Surface,71.37282116654322,-0.038767487007367374,Left
Surface,71.65506135405121,0.03658427030045885,Right
Surface,71.65506135405121,-0.03658427030045885,Left
Surface,71.93730154155921,0.03438684729155673,Right
Surface,71.93730154155921,-0.03438684729155673,Left
Surface,72.2195417290672,0.032184239680735686,Right
Surface,72.2195417290672,-0.032184239680735686,Left
Surface,72.5017819165752,0.029986195264935192,Right
Surface,72.5017819165752,-0.029986195264935192,Left
Surface,72.78402210408319,0.027803247366811973,Right
Surface,72.78402210408319,-0.027803247366811973,Left
Surface,73.06626229159119,0.02564668025794346,Right
Surface,73.06626229159119,-0.02564668025794346,Left
Surface,73.34850247909918,0.023528394957253125,Right
Surface,73.34850247909918,-0.023528394957253125,Left
Surface,73.63074266660718,0.021460680218793597,Right
Surface,73.63074266660718,-0.021460680218793597,Left
Surface,73.91298285411517,0.019455903236267093,Right
Surface,73.91298285411517,-0.019455903236267093,Left
Surface,74.19522304162317,0.017526142589213697,Right
Surface,74.19522304162317,-0.017526142589213697,Left
Surface,74.47746322913116,0.015682791469440197,Right
Surface,74.47746322913116,-0.015682791469440197,Left
Surface,74.75970341663916,0.013936161797168823,Right
Surface,74.75970341663916,-0.013936161797168823,Left
Surface,75.04194360414715,0.012295119353306102,Right
Surface,75.04194360414715,-0.012295119353306102,Left
Surface,75.32418379165514,0.010766776745129698,Right
Surface,75.32418379165514,-0.010766776745129698,Left
Surface,75.60642397916314,0.00935626540453203,Right
Surface,75.60642397916314,-0.00935626540453203,Left
Surface,75.88866416667113,0.008066600614475259,Right
Surface,75.88866416667113,-0.008066600614475259,Left
Surface,76.17090435417913,0.006898645600534651,Right
Surface,76.17090435417913,-0.006898645600534651,Left
Surface,76.45314454168712,0.005851172842841466,Right
Surface,76.45314454168712,-0.005851172842841466,Left
Surface,76.73538472919512,0.004921013700871685,Right
Surface,76.73538472919512,-0.004921013700871685,Left
Surface,77.01762491670311,0.004103281777648122,Right
Surface,77.01762491670311,-0.004103281777648122,Left
Surface,77.29986510421111,0.0033916515516835438,Right
Surface,77.29986510421111,-0.0033916515516835438,Left
Surface,77.5821052917191,0.002778671822964295,Right
Surface,77.5821052917191,-0.002778671822964295,Left
Surface,77.8643454792271,0.002256093393167787,Right
Surface,77.8643454792271,-0.002256093393167787,Left
Surface,78.14658566673509,0.0018151918963935651,Right
Surface,78.14658566673509,-0.0018151918963935651,Left
